study	individual	group	count	intervention	measurement_type	substance	tissue	method	label	time	time_unit	value	mean	mean_pm	mean_sd	mean_se	comments	mean_unit	value_unit
Doig1993		all	12.0	placebo	concentration	aldosterone	plasma	RIA	placebo_aldosterone	0.0	hr		2.147674193103281e-06	1151.33376447151	1.0465356272058657e-06	3.0210881304192054e-07		mole/meter^3	pg/ml
Doig1993		all	12.0	placebo	concentration	aldosterone	plasma	RIA	placebo_aldosterone	0.5	hr		1.7306850085618709e-06	1018.79543630146	1.0958162962218402e-06	3.16334916803029e-07		mole/meter^3	pg/ml
Doig1993		all	12.0	placebo	concentration	aldosterone	plasma	RIA	placebo_aldosterone	1.0	hr		1.6707651224644384e-06	932.860317624073	9.173215640224306e-07	2.648079259608993e-07		mole/meter^3	pg/ml
Doig1993		all	12.0	placebo	concentration	aldosterone	plasma	RIA	placebo_aldosterone	2.0	hr		1.8711379312102266e-06	1011.71725293075	9.357259725605392e-07	2.701208210727758e-07		mole/meter^3	pg/ml
Doig1993		all	12.0	placebo	concentration	aldosterone	plasma	RIA	placebo_aldosterone	4.0	hr		1.7208015537743477e-06	965.312915515816	9.57320194724215e-07	2.7635453606234533e-07		mole/meter^3	pg/ml
Doig1993		all	12.0	placebo	concentration	aldosterone	plasma	RIA	placebo_aldosterone	8.0	hr		1.4760764977321608e-06	823.831738448899	8.095260881033613e-07	2.3369005244125022e-07		mole/meter^3	pg/ml
Doig1993		all	12.0	placebo	concentration	aldosterone	plasma	RIA	placebo_aldosterone	10.0	hr		1.7443863047966813e-06	939.426293489146	8.619167366997675e-07	2.4881392997632726e-07		mole/meter^3	pg/ml
Doig1993		all	12.0	placebo	concentration	aldosterone	plasma	RIA	placebo_aldosterone	24.0	hr		2.4693610427440794e-06	1327.21213746345	1.2127980096009448e-06	3.501046286578747e-07		mole/meter^3	pg/ml
