study	individual	group	count	intervention	measurement_type	substance	tissue	method	label	time	time_unit	value	mean	mean_pm	mean_sd	mean_se	comments	mean_unit	value_unit
Doig1993		all	8.0	LOS100	concentration	aldosterone	plasma	RIA	LOS100_aldosterone	0.0	hr		1.9875200022058654e-06	359.177040485068	9.910349990290392e-07	3.503837841033198e-07		mole/meter^3	pg/ml
Doig1993		all	8.0	LOS100	concentration	aldosterone	plasma	RIA	LOS100_aldosterone	0.5	hr		1.804542144849727e-06	223.321832999463	1.18496786146739e-06	4.189494051658566e-07		mole/meter^3	pg/ml
Doig1993		all	8.0	LOS100	concentration	aldosterone	plasma	RIA	LOS100_aldosterone	1.0	hr		1.5784556772113864e-06	183.961148112163	1.0680819489424653e-06	3.7762399448008006e-07		mole/meter^3	pg/ml
Doig1993		all	8.0	LOS100	concentration	aldosterone	plasma	RIA	LOS100_aldosterone	2.0	hr		1.0123631077089367e-06	147.42815559683	6.033449090516418e-07	2.1331463829239827e-07		mole/meter^3	pg/ml
Doig1993		all	8.0	LOS100	concentration	aldosterone	plasma	RIA	LOS100_aldosterone	4.0	hr		9.636820810764086e-07	48.890558116474	8.280422643046658e-07	2.9275715009944677e-07		mole/meter^3	pg/ml
Doig1993		all	8.0	LOS100	concentration	aldosterone	plasma	RIA	LOS100_aldosterone	8.0	hr		1.1220692784415305e-06	98.2140306915234	8.495885860412601e-07	3.0037492520423146e-07		mole/meter^3	pg/ml
Doig1993		all	8.0	LOS100	concentration	aldosterone	plasma	RIA	LOS100_aldosterone	10.0	hr		1.1688396102605287e-06	120.625187308507	8.341823894203787e-07	2.949280121527727e-07		mole/meter^3	pg/ml
Doig1993		all	8.0	LOS100	concentration	aldosterone	plasma	RIA	LOS100_aldosterone	24.0	hr		1.884500376275685e-06	304.275557832979	1.0403316348540523e-06	3.678127768440951e-07		mole/meter^3	pg/ml
