study	individual	group	count	intervention	measurement_type	substance	tissue	method	label	time	time_unit	value	mean	mean_pm	mean_sd	mean_se	comments	mean_unit	value_unit
Kobayashi2008		all	6.0	LOS25, BUC300	concentration	losartan	plasma	HPLC	losartan_LOS_BUC	0.0	hr		0.0	0.0			.	mole/meter^3	ng/ml
Kobayashi2008		all	6.0	LOS25, BUC300	concentration	losartan	plasma	HPLC	losartan_LOS_BUC	1.0	hr		0.00018303008084271348	114.629770385166	8.801931343921818e-05	3.593373423936375e-05		mole/meter^3	ng/ml
Kobayashi2008		all	6.0	LOS25, BUC300	concentration	losartan	plasma	HPLC	losartan_LOS_BUC	2.0	hr		0.0002369093725291208	124.07401784888	5.647154650320518e-05	2.305441231978406e-05		mole/meter^3	ng/ml
Kobayashi2008		all	6.0	LOS25, BUC300	concentration	losartan	plasma	HPLC	losartan_LOS_BUC	4.0	hr		0.00012680304493042295	61.6614244375564	1.89993211408223e-05	7.756440375714637e-06		mole/meter^3	ng/ml
Kobayashi2008		all	6.0	LOS25, BUC300	concentration	losartan	plasma	HPLC	losartan_LOS_BUC	6.0	hr		8.013936035634257e-05	39.1991918822219	1.254962593680634e-05	5.123363334662144e-06		mole/meter^3	ng/ml
Kobayashi2008		all	6.0	LOS25, BUC300	concentration	losartan	plasma	HPLC	losartan_LOS_BUC	9.0	hr		3.2802995061557154e-05	17.4849153774248	8.541201181682675e-06	3.486930780929878e-06		mole/meter^3	ng/ml
Kobayashi2008		all	6.0	LOS25, BUC300	concentration	losartan	plasma	HPLC	losartan_LOS_BUC	12.0	hr		2.1716449692285088e-05	12.870253009906	8.716083417295884e-06	3.5583261546514705e-06		mole/meter^3	ng/ml
Kobayashi2008		all	6.0	LOS25, BUC300	concentration	losartan	plasma	HPLC	losartan_LOS_BUC	25.0	hr		7.379499279148899e-06	6.36398988916974	7.668560216039782e-06	3.1306765985174325e-06		mole/meter^3	ng/ml
