study	individual	group	count	intervention	measurement_type	substance	tissue	method	label	time	time_unit	value	mean	mean_pm	mean_sd	mean_se	comments	mean_unit	value_unit
Yasar2002a		cyp2c9_2_2_swedish	3.0	LOS50	concentration	exp3174	plasma	HPLC/FS	e3174_2_2	0.0	hr		0.0					nmol/l	nmol/l
Yasar2002a		cyp2c9_2_2_swedish	3.0	LOS50	concentration	exp3174	plasma	HPLC/FS	e3174_2_2	0.5	hr		49.2409889885211	66.9094131969859	17.668424208464792	10.200869472913649		nmol/l	nmol/l
Yasar2002a		cyp2c9_2_2_swedish	3.0	LOS50	concentration	exp3174	plasma	HPLC/FS	e3174_2_2	1.0	hr		162.837590818671	177.749225619708	14.911634801036996	8.609236366436102		nmol/l	nmol/l
Yasar2002a		cyp2c9_2_2_swedish	3.0	LOS50	concentration	exp3174	plasma	HPLC/FS	e3174_2_2	1.5	hr		202.362841514717	279.03495763962	76.67211612490303	44.26666688405101		nmol/l	nmol/l
Yasar2002a		cyp2c9_2_2_swedish	3.0	LOS50	concentration	exp3174	plasma	HPLC/FS	e3174_2_2	2.0	hr		442.676502943022	656.560507524025	213.88400458100296	123.4859876201972		nmol/l	nmol/l
Yasar2002a		cyp2c9_2_2_swedish	3.0	LOS50	concentration	exp3174	plasma	HPLC/FS	e3174_2_2	4.0	hr		440.036882058845	681.913214197333	241.876332138488	139.6473654707554		nmol/l	nmol/l
Yasar2002a		cyp2c9_2_2_swedish	3.0	LOS50	concentration	exp3174	plasma	HPLC/FS	e3174_2_2	6.0	hr		331.505879128586	528.981921079725	197.476041951139	114.01284597899192		nmol/l	nmol/l
Yasar2002a		cyp2c9_2_2_swedish	3.0	LOS50	concentration	exp3174	plasma	HPLC/FS	e3174_2_2	8.0	hr		197.648037580214	324.695310425517	127.04727284530298	73.35077717704351		nmol/l	nmol/l
Yasar2002a		cyp2c9_2_2_swedish	3.0	LOS50	concentration	exp3174	plasma	HPLC/FS	e3174_2_2	10.0	hr		112.815331409618	180.018740220163	67.20340881054501	38.79990616722864		nmol/l	nmol/l
