study	individual	group	count	intervention	measurement_type	substance	tissue	method	label	time	time_unit	value	mean	mean_pm	mean_sd	mean_se	comments	mean_unit	value_unit
Kobayashi2008		all	6.0	LOS25	concentration	losartan	plasma	HPLC	losartan_LOS	0.0	hr		0.0	0.0				mole/meter^3	ng/ml
Kobayashi2008		all	6.0	LOS25	concentration	losartan	plasma	HPLC	losartan_LOS	1.0	hr		9.25724473086408e-05	8.78222931121789	7.180630665205376e-05	2.9314801935224864e-05		mole/meter^3	ng/ml
Kobayashi2008		all	6.0	LOS25	concentration	losartan	plasma	HPLC	losartan_LOS	2.0	hr		8.998078256265171e-05	12.9194762415244	5.9431857986264725e-05	2.426295442198366e-05		mole/meter^3	ng/ml
Kobayashi2008		all	6.0	LOS25	concentration	losartan	plasma	HPLC	losartan_LOS	4.0	hr		8.235854290501146e-05	10.5066332827653	5.751493920880752e-05	2.3480375608128685e-05		mole/meter^3	ng/ml
Kobayashi2008		all	6.0	LOS25	concentration	losartan	plasma	HPLC	losartan_LOS	6.0	hr		5.138144819883333e-05	11.9264646094946	2.318056288373251e-05	9.463425169273875e-06		mole/meter^3	ng/ml
Kobayashi2008		all	6.0	LOS25	concentration	losartan	plasma	HPLC	losartan_LOS	9.0	hr		2.199570070199893e-05	6.50161529975324	6.622217156398935e-06	2.703508833180329e-06		mole/meter^3	ng/ml
Kobayashi2008		all	6.0	LOS25	concentration	losartan	plasma	HPLC	losartan_LOS	12.0	hr		1.73594406075505e-05	2.40342254307552	1.1676394900355561e-05	4.766868256851126e-06		mole/meter^3	ng/ml
Kobayashi2008		all	6.0	LOS25	concentration	losartan	plasma	HPLC	losartan_LOS	25.0	hr		7.902080738161599e-06	0.614604139783978	6.448810097804696e-06	2.6327156979548644e-06		mole/meter^3	ng/ml
