study	individual	group	count	intervention	measurement_type	substance	tissue	method	label	time	time_unit	value	mean	mean_pm	mean_sd	mean_se	comments	mean_unit	value_unit
Kobayashi2008		all	6.0	LOS25	concentration	exp3174	plasma	HPLC	exp3174_LOS	0.0	hr		0.0	0.0				mole/meter^3	ng/ml
Kobayashi2008		all	6.0	LOS25	concentration	exp3174	plasma	HPLC	exp3174_LOS	1.0	hr		2.2921762042017744e-05	23.648026022773	3.1205843333137336e-05	1.2739732193236454e-05		mole/meter^3	ng/ml
Kobayashi2008		all	6.0	LOS25	concentration	exp3174	plasma	HPLC	exp3174_LOS	2.0	hr		0.00012335134431851457	136.016496652445	0.00018797473626955716	7.674036473244222e-05		mole/meter^3	ng/ml
Kobayashi2008		all	6.0	LOS25	concentration	exp3174	plasma	HPLC	exp3174_LOS	4.0	hr		0.00022153934131831704	202.330873988796	0.0002415727041407554	9.862164348819599e-05		mole/meter^3	ng/ml
Kobayashi2008		all	6.0	LOS25	concentration	exp3174	plasma	HPLC	exp3174_LOS	6.0	hr		0.00018812208564150917	119.67918454606	8.580977093253399e-05	3.503169228830268e-05		mole/meter^3	ng/ml
Kobayashi2008		all	6.0	LOS25	concentration	exp3174	plasma	HPLC	exp3174_LOS	9.0	hr		0.00013912885887908602	88.9289308813607	6.441921200621043e-05	2.629903317456457e-05		mole/meter^3	ng/ml
Kobayashi2008		all	6.0	LOS25	concentration	exp3174	plasma	HPLC	exp3174_LOS	12.0	hr		8.736558110040285e-05	59.0586966293055	4.7812967081319724e-05	1.951956207295374e-05		mole/meter^3	ng/ml
Kobayashi2008		all	6.0	LOS25	concentration	exp3174	plasma	HPLC	exp3174_LOS	24.0	hr		1.2454390752570168e-05	11.5978009241484	1.4091638545493895e-05	5.752887346032561e-06		mole/meter^3	ng/ml
