study	individual	group	count	intervention	measurement_type	substance	tissue	method	label	time	time_unit	value	mean	mean_pm	mean_sd	mean_se	comments	mean_unit	value_unit
Bae2011		cyp2c9_1	12.0	LOS50	concentration	losartan	plasma	HPLC/FS	losartan_1	0.0	hr		0.0				.	mole/meter^3	ng/ml
Bae2011		cyp2c9_1	12.0	LOS50	concentration	losartan	plasma	HPLC/FS	losartan_1	0.5	hr		0.00021268081695011149	237.651175501247	0.00034926052650335177	0.00010082282949701		mole/meter^3	ng/ml
Bae2011		cyp2c9_1	12.0	LOS50	concentration	losartan	plasma	HPLC/FS	losartan_1	1.0	hr		0.000466583573167229	334.936694295706	0.0003253955768092577	9.393361193196914e-05		mole/meter^3	ng/ml
Bae2011		cyp2c9_1	12.0	LOS50	concentration	losartan	plasma	HPLC/FS	losartan_1	1.5	hr		0.00046667588465831107	353.325347349215	0.0003687844068668916	0.00010645888828876832		mole/meter^3	ng/ml
Bae2011		cyp2c9_1	12.0	LOS50	concentration	losartan	plasma	HPLC/FS	losartan_1	2.0	hr		0.0002910484143779873	200.152665168096	0.00018222531264281775	5.260391665374725e-05		mole/meter^3	ng/ml
Bae2011		cyp2c9_1	12.0	LOS50	concentration	losartan	plasma	HPLC/FS	losartan_1	3.0	hr		0.0001936087770429121	125.916915629379	0.00010412979118865245	3.005968148671399e-05		mole/meter^3	ng/ml
Bae2011		cyp2c9_1	12.0	LOS50	concentration	losartan	plasma	HPLC/FS	losartan_1	4.0	hr		0.0001352169004349187	90.2142243664293	7.810037995369592e-05	2.254563769503919e-05		mole/meter^3	ng/ml
Bae2011		cyp2c9_1	12.0	LOS50	concentration	losartan	plasma	HPLC/FS	losartan_1	6.0	hr		6.833236664751235e-05	43.5763510764641	3.470669139653024e-05	1.0018958810234021e-05		mole/meter^3	ng/ml
Bae2011		cyp2c9_1	12.0	LOS50	concentration	losartan	plasma	HPLC/FS	losartan_1	8.0	hr		3.1815884175849763e-05	20.795749209963	1.7356989572913072e-05	5.010531301121441e-06		mole/meter^3	ng/ml
