study	individual	group	count	intervention	measurement_type	substance	tissue	method	label	time	time_unit	value	mean	mean_pm	mean_sd	mean_se	comments	mean_unit	value_unit
Ohtawa1993		multiple_dose	3.0	Placebo	concentration	renin		RIA	renin_0_multi	0.0	hr		2.4310531315432226e-10	16.9244025045043	1.325167323547946e-10	7.650857109717025e-11	1 ng/mL/h of PRA ≈ 7.6 pg/mL of DRC (range: 5.5–9.7 pg/mL)	mole/meter^3	pg/ml
Ohtawa1993		multiple_dose	3.0	Placebo	concentration	renin		RIA	renin_0_multi	6.0	hr		3.2195165789073836e-10	18.6004431019555	9.086861647185764e-11	5.246302018091594e-11		mole/meter^3	pg/ml
Ohtawa1993		multiple_dose	3.0	Placebo	concentration	renin		RIA	renin_0_multi	144.0	hr		1.3501341913442305e-10	8.64221665867265	5.679288529491421e-11	3.2789387613074326e-11		mole/meter^3	pg/ml
Ohtawa1993		multiple_dose	3.0	Placebo	concentration	renin		RIA	renin_0_multi	150.0	hr		2.7060893711241313e-10	15.6053727677804	7.573841774433273e-11	4.372759587268681e-11		mole/meter^3	pg/ml
Ohtawa1993		multiple_dose	3.0	Placebo	concentration	renin		RIA	renin_0_multi	168.0	hr		2.6615905008296156e-10	15.5748121654141	7.951003941287747e-11	4.590514265830259e-11		mole/meter^3	pg/ml
Ohtawa1993		multiple_dose	3.0	Placebo	concentration	renin		RIA	renin_0_multi	192.0	hr		2.2764800256101158e-10	17.2508527628654	1.552193157883101e-10	8.961591375381049e-11		mole/meter^3	pg/ml
