study	individual	group	count	intervention	measurement_type	substance	tissue	method	label	time	time_unit	value	mean	mean_pm	mean_sd	mean_se	comments	mean_unit	value_unit
Ohtawa1993		multiple_dose	6.0	LOS100	renin activity			RIA	pra_100_multi	0.0	hr		1.12607241881451	1.46277202838461	0.3366996095701	0.137457040006843		ng/ml/hr	ng/ml/hr
Ohtawa1993		multiple_dose	6.0	LOS100	renin activity			RIA	pra_100_multi	6.0	hr		15.5772559424533	25.0047586273471	9.4275026848938	3.84876185445137		ng/ml/hr	ng/ml/hr
Ohtawa1993		multiple_dose	6.0	LOS100	renin activity			RIA	pra_100_multi	144.0	hr		4.95143435847721	8.92440336833504	3.97296900985783	1.62195780634037		ng/ml/hr	ng/ml/hr
Ohtawa1993		multiple_dose	6.0	LOS100	renin activity			RIA	pra_100_multi	150.0	hr		19.806916562809	33.1625813593542	13.3556647965452	5.45242732119798		ng/ml/hr	ng/ml/hr
Ohtawa1993		multiple_dose	6.0	LOS100	renin activity			RIA	pra_100_multi	168.0	hr		5.25729953135025	9.028248775466	3.77094924411575	1.53948358233625		ng/ml/hr	ng/ml/hr
Ohtawa1993		multiple_dose	6.0	LOS100	renin activity			RIA	pra_100_multi	192.0	hr		2.51539292311024	3.66017159564863	1.14477867253839	0.467353936023288		ng/ml/hr	ng/ml/hr
