study	individual	group	count	intervention	measurement_type	substance	tissue	method	label	time	time_unit	value	mean	mean_pm	mean_sd	mean_se	comments	mean_unit	value_unit
Ohtawa1993		multiple_dose	6.0	LOS100	concentration	angiotensin II	plasma	RIA	ang2_100_multi	0.0	hr		9.025321817560636e-09	12.0193372270357	2.4634742938463967e-09	1.005709169064462e-09		mole/meter^3	pg/ml
Ohtawa1993		multiple_dose	6.0	LOS100	concentration	angiotensin II	plasma	RIA	ang2_100_multi	6.0	hr		5.080360235076425e-08	82.9317182294866	2.846745760120056e-08	1.162179089954262e-08		mole/meter^3	pg/ml
Ohtawa1993		multiple_dose	6.0	LOS100	concentration	angiotensin II	plasma	RIA	ang2_100_multi	144.0	hr		1.517811988034189e-08	24.4698435583491	8.211609370913485e-09	3.3523754876324696e-09		mole/meter^3	pg/ml
Ohtawa1993		multiple_dose	6.0	LOS100	concentration	angiotensin II	plasma	RIA	ang2_100_multi	150.0	hr		4.759419304047108e-08	83.9270048862119	3.262822098830592e-08	1.3320415439353016e-08		mole/meter^3	pg/ml
Ohtawa1993		multiple_dose	6.0	LOS100	concentration	angiotensin II	plasma	RIA	ang2_100_multi	168.0	hr		1.3275773717390997e-08	19.6733183959395	5.529152013233967e-09	2.2572668571175958e-09		mole/meter^3	pg/ml
Ohtawa1993		multiple_dose	6.0	LOS100	concentration	angiotensin II	plasma	RIA	ang2_100_multi	192.0	hr		5.4543902923940154e-09	8.28350365496847	2.4634742938464542e-09	1.0057091690644908e-09		mole/meter^3	pg/ml
