study	individual	group	count	intervention	measurement_type	substance	tissue	method	label	time	time_unit	value	mean	mean_pm	mean_sd	mean_se	comments	mean_unit	value_unit
Ohtawa1993		multiple_dose	6.0	LOS100	concentration	aldosterone	plasma	RIA	aldosterone_100_multi	0.0	hr		2.750463640104957e-07	116.871574421327	4.9196998124335265e-08	2.0084590380213733e-08		mole/meter^3	pg/ml
Ohtawa1993		multiple_dose	6.0	LOS100	concentration	aldosterone	plasma	RIA	aldosterone_100_multi	6.0	hr		1.5187258594311735e-07	65.6281464265183	3.020326058649138e-08	1.2330429500869678e-08		mole/meter^3	pg/ml
Ohtawa1993		multiple_dose	6.0	LOS100	concentration	aldosterone	plasma	RIA	aldosterone_100_multi	144.0	hr		1.4217157549168998e-07	75.1503683695002	6.632230530394041e-08	2.707596775995608e-08		mole/meter^3	pg/ml
Ohtawa1993		multiple_dose	6.0	LOS100	concentration	aldosterone	plasma	RIA	aldosterone_100_multi	150.0	hr		9.248138942016929e-08	42.9863140686004	2.6777952027046925e-08	1.0932053137165247e-08		mole/meter^3	pg/ml
Ohtawa1993		multiple_dose	6.0	LOS100	concentration	aldosterone	plasma	RIA	aldosterone_100_multi	168.0	hr		1.5270839300464647e-07	83.1011307014242	7.78437335432339e-08	3.177957114234971e-08		mole/meter^3	pg/ml
Ohtawa1993		multiple_dose	6.0	LOS100	concentration	aldosterone	plasma	RIA	aldosterone_100_multi	192.0	hr		1.712121198977611e-07	81.3532405668045	5.449073704202567e-08	2.2245750243522875e-08		mole/meter^3	pg/ml
