study	individual	group	count	intervention	measurement_type	substance	tissue	method	label	time	time_unit	value	mean	mean_pm	mean_sd	mean_se	comments	mean_unit	value_unit
Ohtawa1993		multiple_dose	6.0	LOS100	concentration	renin		RIA	renin_100_multi	0.0	hr		1.8994052828617708e-10	11.117067415723	5.6792885294909996e-11	2.3185598332157265e-11		mole/meter^3	pg/ml
Ohtawa1993		multiple_dose	6.0	LOS100	concentration	renin		RIA	renin_100_multi	6.0	hr		2.6274972848313247e-09	190.036165567838	1.5901862175731383e-09	6.491908048434294e-10		mole/meter^3	pg/ml
Ohtawa1993		multiple_dose	6.0	LOS100	concentration	renin		RIA	renin_100_multi	144.0	hr		8.351843470365713e-10	67.8254655993463	6.701414757955367e-10	2.7358411186245863e-10		mole/meter^3	pg/ml
Ohtawa1993		multiple_dose	6.0	LOS100	concentration	renin		RIA	renin_100_multi	150.0	hr		3.3409362779889467e-09	252.035618331092	2.252769879347138e-09	9.196894520519475e-10		mole/meter^3	pg/ml
Ohtawa1993		multiple_dose	6.0	LOS100	concentration	renin		RIA	renin_100_multi	168.0	hr		8.867762265188959e-10	68.6146906935416	6.360657446185875e-10	2.5967275286316217e-10		mole/meter^3	pg/ml
Ohtawa1993		multiple_dose	6.0	LOS100	concentration	renin		RIA	renin_100_multi	192.0	hr		4.2428448888380936e-10	27.8173041269296	1.9309581000270233e-10	7.883103432933816e-11		mole/meter^3	pg/ml
