study	group	count	intervention	measurement_type	substance	tissue	method	time	time_unit	mean	mean_pm	sd	median	min	max	se	cv	unit	comments
Sica1995	group1	6	LOS100	auc_end	losartan	plasma	HPLC/FS	24	hr	1115.05573024866	1717.86812301082	602.81239276216	NA	NA	NA	NA	NA	ng/ml*hr	SD?
Sica1995	group1	6	LOS100	auc_end	exp3174	plasma	HPLC/FS	24	hr	4396.28163655359	5479.29032508622	1083.00868853263	NA	NA	NA	NA	NA	ng/ml*hr	SD?
Sica1995	group2	6	LOS100	auc_end	losartan	plasma	HPLC/FS	24	hr	1241.74646700082	2145.95996284437	904.21349584355	NA	NA	NA	NA	NA	ng/ml*hr	SD?
Sica1995	group2	6	LOS100	auc_end	exp3174	plasma	HPLC/FS	24	hr	3715.77605015881	4778.35042029272	1062.57437013391	NA	NA	NA	NA	NA	ng/ml*hr	SD?
Sica1995	group3	6	LOS100	auc_end	losartan	plasma	HPLC/FS	24	hr	1787.26942473089	3289.19182703663	1501.92240230574	NA	NA	NA	NA	NA	ng/ml*hr	SD?
Sica1995	group3	6	LOS100	auc_end	exp3174	plasma	HPLC/FS	24	hr	3924.16331410824	6212.7967881652	2288.63347405696	NA	NA	NA	NA	NA	ng/ml*hr	SD?
