study	individual	group	count	intervention	measurement_type	substance	tissue	method	label	time	time_unit	value	mean	mean_pm	mean_sd	mean_se	comments	mean_unit	value_unit
Ohtawa1993		multiple_dose	3.0	Placebo	renin activity			RIA	pra_0_multi	0.0	hr		1.44126264405188	2.22689506638214	0.78563242233026	0.453585090516473		ng/ml/hr	ng/ml/hr
Ohtawa1993		multiple_dose	3.0	Placebo	renin activity			RIA	pra_0_multi	6.0	hr		1.90870734862934	2.44742672394151	0.53871937531217	0.311029776354148		ng/ml/hr	ng/ml/hr
Ohtawa1993		multiple_dose	3.0	Placebo	renin activity			RIA	pra_0_multi	144.0	hr		0.800434161307855	1.13713377087798	0.336699609570125	0.194393610221354		ng/ml/hr	ng/ml/hr
Ohtawa1993		multiple_dose	3.0	Placebo	renin activity			RIA	pra_0_multi	150.0	hr		1.60431932624658	2.05333852207637	0.44901919582979	0.259241353583638		ng/ml/hr	ng/ml/hr
Ohtawa1993		multiple_dose	3.0	Placebo	renin activity			RIA	pra_0_multi	168.0	hr		1.5779379367879	2.04931739018606	0.47137945339816	0.272151054309886		ng/ml/hr	ng/ml/hr
Ohtawa1993		multiple_dose	3.0	Placebo	renin activity			RIA	pra_0_multi	192.0	hr		1.34962316465678	2.26984904774545	0.92022588308867	0.531292661316505		ng/ml/hr	ng/ml/hr
