study	individual	group	count	intervention	measurement_type	substance	tissue	method	label	time	time_unit	value	mean	mean_pm	mean_sd	mean_se	comments	mean_unit	value_unit
Fischer2002		all	16.0	LOS50	concentration	losartan	plasma	HPLC/FS	losartan_LOS50	0.0	hr		2.364563702528428e-07				.	mole/meter^3	ng/ml
Fischer2002		all	16.0	LOS50	concentration	losartan	plasma	HPLC/FS	losartan_LOS50	1.0	hr		5.788581595526529e-05	62.4715667018947	8.98321831081185e-05	2.2458045777029625e-05		mole/meter^3	ng/ml
Fischer2002		all	16.0	LOS50	concentration	losartan	plasma	HPLC/FS	losartan_LOS50	2.0	hr		0.00017747599910110354	14.1304969418124	0.00014406353893380497	3.601588473345124e-05		mole/meter^3	ng/ml
Fischer2002		all	16.0	LOS50	concentration	losartan	plasma	HPLC/FS	losartan_LOS50	3.0	hr		0.00020064196941761245	14.1450149602187	0.00016719518047095773	4.179879511773943e-05		mole/meter^3	ng/ml
Fischer2002		all	16.0	LOS50	concentration	losartan	plasma	HPLC/FS	losartan_LOS50	4.0	hr		0.00012420787495120487	87.0323657586158	8.158569806679607e-05	2.0396424516699018e-05		mole/meter^3	ng/ml
Fischer2002		all	16.0	LOS50	concentration	losartan	plasma	HPLC/FS	losartan_LOS50	6.0	hr		5.609628007976548e-05	39.0678696697356	3.62821864764026e-05	9.07054661910065e-06		mole/meter^3	ng/ml
Fischer2002		all	16.0	LOS50	concentration	losartan	plasma	HPLC/FS	losartan_LOS50	9.0	hr		1.8937936741512492e-05	14.6266345146423	1.56476723219602e-05	3.91191808049005e-06		mole/meter^3	ng/ml
Fischer2002		all	16.0	LOS50	concentration	losartan	plasma	HPLC/FS	losartan_LOS50	12.0	hr		8.879809936443293e-06	8.28158916267871	1.070253519687958e-05	2.675633799219895e-06		mole/meter^3	ng/ml
Fischer2002		all	16.0	LOS50	concentration	losartan	plasma	HPLC/FS	losartan_LOS50	24.0	hr		4.75976939329126e-07	1.02152036171705	1.939473029380721e-06	4.848682573451803e-07		mole/meter^3	ng/ml
