study	individual	group	count	intervention	measurement_type	substance	tissue	method	label	time	time_unit	value	mean	mean_pm	mean_sd	mean_se	comments	mean_unit	value_unit
Fischer2002		all	16.0	LOS50, PHE4	concentration	losartan	plasma	HPLC/FS	losartan_LOS50_PHE4	0.0	hr		1.252175413868575e-06	1.74479225683359	2.8734970250927973e-06	7.183742562731969e-07		mole/meter^3	ng/ml
Fischer2002		all	16.0	LOS50, PHE4	concentration	losartan	plasma	HPLC/FS	losartan_LOS50_PHE4	1.0	hr		0.00027142020405942623	184.487851108213	0.00016481307222852327	4.12032680571307e-05		mole/meter^3	ng/ml
Fischer2002		all	16.0	LOS50, PHE4	concentration	losartan	plasma	HPLC/FS	losartan_LOS50_PHE4	2.0	hr		0.00020537511514732583	153.867021290151	0.0001584532584115341	3.961331460288358e-05		mole/meter^3	ng/ml
Fischer2002		all	16.0	LOS50, PHE4	concentration	losartan	plasma	HPLC/FS	losartan_LOS50_PHE4	3.0	hr		0.00013026963646903107	83.8283136131514	6.794775114479643e-05	1.6986937786199108e-05		mole/meter^3	ng/ml
Fischer2002		all	16.0	LOS50, PHE4	concentration	losartan	plasma	HPLC/FS	losartan_LOS50_PHE4	4.0	hr		0.00010668293408229557	77.0620628596576	7.553522259761486e-05	1.8883805649403726e-05		mole/meter^3	ng/ml
Fischer2002		all	16.0	LOS50, PHE4	concentration	losartan	plasma	HPLC/FS	losartan_LOS50_PHE4	6.0	hr		5.6095251426629954e-05	39.3066218025055	3.6847759756587085e-05	9.211939939146771e-06		mole/meter^3	ng/ml
Fischer2002		all	16.0	LOS50, PHE4	concentration	losartan	plasma	HPLC/FS	losartan_LOS50_PHE4	9.0	hr		2.314807821735729e-05	17.5551541497034	1.8362202077322677e-05	4.5905505193306625e-06		mole/meter^3	ng/ml
Fischer2002		all	16.0	LOS50, PHE4	concentration	losartan	plasma	HPLC/FS	losartan_LOS50_PHE4	12.0	hr		9.669316214035224e-06	8.64194940570736	1.0765123669787521e-05	2.6912809174468858e-06		mole/meter^3	ng/ml
Fischer2002		all	16.0	LOS50, PHE4	concentration	losartan	plasma	HPLC/FS	losartan_LOS50_PHE4	24.0	hr		1.3146109753060315e-06	1.88838189639368	3.1505883134182604e-06	7.876470783545663e-07		mole/meter^3	ng/ml
