study	individual	group	count	intervention	measurement_type	substance	tissue	method	label	time	time_unit	value	mean	mean_pm	mean_sd	mean_se	comments	mean_unit	value_unit
Fischer2002		all	16.0	LOS50, PHE4	concentration	exp3174	plasma	HPLC/FS	exp3174_LOS50_PHE4	0.0	hr		1.0851948717380716e-05	7.46067306800512	6.2246718542112945e-06	1.5561679635528236e-06		mole/meter^3	ng/ml
Fischer2002		all	16.0	LOS50, PHE4	concentration	exp3174	plasma	HPLC/FS	exp3174_LOS50_PHE4	1.0	hr		1.788907324370628e-05	9.64271158948836	4.1819819538665e-06	1.045495488466625e-06		mole/meter^3	ng/ml
Fischer2002		all	16.0	LOS50, PHE4	concentration	exp3174	plasma	HPLC/FS	exp3174_LOS50_PHE4	2.0	hr		6.610029593436463e-05	55.1450013653674	6.012025496669467e-05	1.5030063741673667e-05		mole/meter^3	ng/ml
Fischer2002		all	16.0	LOS50, PHE4	concentration	exp3174	plasma	HPLC/FS	exp3174_LOS50_PHE4	3.0	hr		9.33397420317322e-05	65.6041818431997	5.6820667228179135e-05	1.4205166807044786e-05		mole/meter^3	ng/ml
Fischer2002		all	16.0	LOS50, PHE4	concentration	exp3174	plasma	HPLC/FS	exp3174_LOS50_PHE4	4.0	hr		0.00011290727652462543	74.2620042299717	5.70698900878062e-05	1.4267472521951548e-05		mole/meter^3	ng/ml
Fischer2002		all	16.0	LOS50, PHE4	concentration	exp3174	plasma	HPLC/FS	exp3174_LOS50_PHE4	6.0	hr		9.092769141590388e-05	59.1478610030479	4.445494373827061e-05	1.1113735934567652e-05		mole/meter^3	ng/ml
Fischer2002		all	16.0	LOS50, PHE4	concentration	exp3174	plasma	HPLC/FS	exp3174_LOS50_PHE4	9.0	hr		6.644039253203569e-05	40.8954367768773	2.7164547743814514e-05	6.7911369359536286e-06		mole/meter^3	ng/ml
Fischer2002		all	16.0	LOS50, PHE4	concentration	exp3174	plasma	HPLC/FS	exp3174_LOS50_PHE4	12.0	hr		4.022960152023054e-05	24.7621524020389	1.6448110698382907e-05	4.112027674595727e-06		mole/meter^3	ng/ml
Fischer2002		all	16.0	LOS50, PHE4	concentration	exp3174	plasma	HPLC/FS	exp3174_LOS50_PHE4	24.0	hr		6.782685705580805e-06	5.09443322388642	4.877884647608803e-06	1.2194711619022007e-06		mole/meter^3	ng/ml
